<?xml version="1.0" encoding="UTF-8" ?>
<!DOCTYPE mapper PUBLIC "-//mybatis.org//DTD Mapper 3.0//EN" "http://mybatis.org/dtd/mybatis-3-mapper.dtd" >
<mapper namespace="com.accp.dao.ClientClienttypeMapper" >
  <resultMap id="BaseResultMap" type="com.accp.domain.ClientClienttype" >
    <id column="id" property="id" jdbcType="INTEGER" />
    <result column="clientType" property="clienttype" jdbcType="VARCHAR" />
    <result column="validty" property="validty" jdbcType="INTEGER" />
    <result column="cost" property="cost" jdbcType="REAL" />
    <result column="address" property="address" jdbcType="VARCHAR" />
    <result column="type" property="type" jdbcType="VARCHAR" />
    <result column="discount" property="discount" jdbcType="REAL" />
    <result column="integral" property="integral" jdbcType="INTEGER" />
    <result column="startTime" property="starttime" jdbcType="TIMESTAMP" />
    <result column="endTime" property="endtime" jdbcType="TIMESTAMP" />
    <result column="default1" property="default1" jdbcType="VARCHAR" />
    <result column="default2" property="default2" jdbcType="VARCHAR" />
  </resultMap>
  <sql id="Example_Where_Clause" >
    <where >
      <foreach collection="oredCriteria" item="criteria" separator="or" >
        <if test="criteria.valid" >
          <trim prefix="(" suffix=")" prefixOverrides="and" >
            <foreach collection="criteria.criteria" item="criterion" >
              <choose >
                <when test="criterion.noValue" >
                  and ${criterion.condition}
                </when>
                <when test="criterion.singleValue" >
                  and ${criterion.condition} #{criterion.value}
                </when>
                <when test="criterion.betweenValue" >
                  and ${criterion.condition} #{criterion.value} and #{criterion.secondValue}
                </when>
                <when test="criterion.listValue" >
                  and ${criterion.condition}
                  <foreach collection="criterion.value" item="listItem" open="(" close=")" separator="," >
                    #{listItem}
                  </foreach>
                </when>
              </choose>
            </foreach>
          </trim>
        </if>
      </foreach>
    </where>
  </sql>
  <sql id="Update_By_Example_Where_Clause" >
    <where >
      <foreach collection="example.oredCriteria" item="criteria" separator="or" >
        <if test="criteria.valid" >
          <trim prefix="(" suffix=")" prefixOverrides="and" >
            <foreach collection="criteria.criteria" item="criterion" >
              <choose >
                <when test="criterion.noValue" >
                  and ${criterion.condition}
                </when>
                <when test="criterion.singleValue" >
                  and ${criterion.condition} #{criterion.value}
                </when>
                <when test="criterion.betweenValue" >
                  and ${criterion.condition} #{criterion.value} and #{criterion.secondValue}
                </when>
                <when test="criterion.listValue" >
                  and ${criterion.condition}
                  <foreach collection="criterion.value" item="listItem" open="(" close=")" separator="," >
                    #{listItem}
                  </foreach>
                </when>
              </choose>
            </foreach>
          </trim>
        </if>
      </foreach>
    </where>
  </sql>
  <sql id="Base_Column_List" >
    id, clientType, validty, cost, address, type, discount, integral, startTime, endTime, 
    default1, default2
  </sql>
  <select id="selectByExample" resultMap="BaseResultMap" parameterType="com.accp.domain.ClientClienttypeExample" >
    select
    <if test="distinct" >
      distinct
    </if>
    <include refid="Base_Column_List" />
    from client_clienttype
    <if test="_parameter != null" >
      <include refid="Example_Where_Clause" />
    </if>
    <if test="orderByClause != null" >
      order by ${orderByClause}
    </if>
  </select>
  <select id="selectByPrimaryKey" resultMap="BaseResultMap" parameterType="java.lang.Integer" >
    select 
    <include refid="Base_Column_List" />
    from client_clienttype
    where id = #{id,jdbcType=INTEGER}
  </select>
  <delete id="deleteByPrimaryKey" parameterType="java.lang.Integer" >
    delete from client_clienttype
    where id = #{id,jdbcType=INTEGER}
  </delete>
  <delete id="deleteByExample" parameterType="com.accp.domain.ClientClienttypeExample" >
    delete from client_clienttype
    <if test="_parameter != null" >
      <include refid="Example_Where_Clause" />
    </if>
  </delete>
  <insert id="insert" parameterType="com.accp.domain.ClientClienttype" >
    insert into client_clienttype (id, clientType, validty, 
      cost, address, type, discount, 
      integral, startTime, endTime, 
      default1, default2)
    values (#{id,jdbcType=INTEGER}, #{clienttype,jdbcType=VARCHAR}, #{validty,jdbcType=INTEGER}, 
      #{cost,jdbcType=REAL}, #{address,jdbcType=VARCHAR}, #{type,jdbcType=VARCHAR}, #{discount,jdbcType=REAL}, 
      #{integral,jdbcType=INTEGER}, #{starttime,jdbcType=TIMESTAMP}, #{endtime,jdbcType=TIMESTAMP}, 
      #{default1,jdbcType=VARCHAR}, #{default2,jdbcType=VARCHAR})
  </insert>
  <insert id="insertSelective" parameterType="com.accp.domain.ClientClienttype" >
    insert into client_clienttype
    <trim prefix="(" suffix=")" suffixOverrides="," >
      <if test="id != null" >
        id,
      </if>
      <if test="clienttype != null" >
        clientType,
      </if>
      <if test="validty != null" >
        validty,
      </if>
      <if test="cost != null" >
        cost,
      </if>
      <if test="address != null" >
        address,
      </if>
      <if test="type != null" >
        type,
      </if>
      <if test="discount != null" >
        discount,
      </if>
      <if test="integral != null" >
        integral,
      </if>
      <if test="starttime != null" >
        startTime,
      </if>
      <if test="endtime != null" >
        endTime,
      </if>
      <if test="default1 != null" >
        default1,
      </if>
      <if test="default2 != null" >
        default2,
      </if>
    </trim>
    <trim prefix="values (" suffix=")" suffixOverrides="," >
      <if test="id != null" >
        #{id,jdbcType=INTEGER},
      </if>
      <if test="clienttype != null" >
        #{clienttype,jdbcType=VARCHAR},
      </if>
      <if test="validty != null" >
        #{validty,jdbcType=INTEGER},
      </if>
      <if test="cost != null" >
        #{cost,jdbcType=REAL},
      </if>
      <if test="address != null" >
        #{address,jdbcType=VARCHAR},
      </if>
      <if test="type != null" >
        #{type,jdbcType=VARCHAR},
      </if>
      <if test="discount != null" >
        #{discount,jdbcType=REAL},
      </if>
      <if test="integral != null" >
        #{integral,jdbcType=INTEGER},
      </if>
      <if test="starttime != null" >
        #{starttime,jdbcType=TIMESTAMP},
      </if>
      <if test="endtime != null" >
        #{endtime,jdbcType=TIMESTAMP},
      </if>
      <if test="default1 != null" >
        #{default1,jdbcType=VARCHAR},
      </if>
      <if test="default2 != null" >
        #{default2,jdbcType=VARCHAR},
      </if>
    </trim>
  </insert>
  <select id="countByExample" parameterType="com.accp.domain.ClientClienttypeExample" resultType="java.lang.Integer" >
    select count(*) from client_clienttype
    <if test="_parameter != null" >
      <include refid="Example_Where_Clause" />
    </if>
  </select>
  <update id="updateByExampleSelective" parameterType="map" >
    update client_clienttype
    <set >
      <if test="record.id != null" >
        id = #{record.id,jdbcType=INTEGER},
      </if>
      <if test="record.clienttype != null" >
        clientType = #{record.clienttype,jdbcType=VARCHAR},
      </if>
      <if test="record.validty != null" >
        validty = #{record.validty,jdbcType=INTEGER},
      </if>
      <if test="record.cost != null" >
        cost = #{record.cost,jdbcType=REAL},
      </if>
      <if test="record.address != null" >
        address = #{record.address,jdbcType=VARCHAR},
      </if>
      <if test="record.type != null" >
        type = #{record.type,jdbcType=VARCHAR},
      </if>
      <if test="record.discount != null" >
        discount = #{record.discount,jdbcType=REAL},
      </if>
      <if test="record.integral != null" >
        integral = #{record.integral,jdbcType=INTEGER},
      </if>
      <if test="record.starttime != null" >
        startTime = #{record.starttime,jdbcType=TIMESTAMP},
      </if>
      <if test="record.endtime != null" >
        endTime = #{record.endtime,jdbcType=TIMESTAMP},
      </if>
      <if test="record.default1 != null" >
        default1 = #{record.default1,jdbcType=VARCHAR},
      </if>
      <if test="record.default2 != null" >
        default2 = #{record.default2,jdbcType=VARCHAR},
      </if>
    </set>
    <if test="_parameter != null" >
      <include refid="Update_By_Example_Where_Clause" />
    </if>
  </update>
  <update id="updateByExample" parameterType="map" >
    update client_clienttype
    set id = #{record.id,jdbcType=INTEGER},
      clientType = #{record.clienttype,jdbcType=VARCHAR},
      validty = #{record.validty,jdbcType=INTEGER},
      cost = #{record.cost,jdbcType=REAL},
      address = #{record.address,jdbcType=VARCHAR},
      type = #{record.type,jdbcType=VARCHAR},
      discount = #{record.discount,jdbcType=REAL},
      integral = #{record.integral,jdbcType=INTEGER},
      startTime = #{record.starttime,jdbcType=TIMESTAMP},
      endTime = #{record.endtime,jdbcType=TIMESTAMP},
      default1 = #{record.default1,jdbcType=VARCHAR},
      default2 = #{record.default2,jdbcType=VARCHAR}
    <if test="_parameter != null" >
      <include refid="Update_By_Example_Where_Clause" />
    </if>
  </update>
  <update id="updateByPrimaryKeySelective" parameterType="com.accp.domain.ClientClienttype" >
    update client_clienttype
    <set >
      <if test="clienttype != null" >
        clientType = #{clienttype,jdbcType=VARCHAR},
      </if>
      <if test="validty != null" >
        validty = #{validty,jdbcType=INTEGER},
      </if>
      <if test="cost != null" >
        cost = #{cost,jdbcType=REAL},
      </if>
      <if test="address != null" >
        address = #{address,jdbcType=VARCHAR},
      </if>
      <if test="type != null" >
        type = #{type,jdbcType=VARCHAR},
      </if>
      <if test="discount != null" >
        discount = #{discount,jdbcType=REAL},
      </if>
      <if test="integral != null" >
        integral = #{integral,jdbcType=INTEGER},
      </if>
      <if test="starttime != null" >
        startTime = #{starttime,jdbcType=TIMESTAMP},
      </if>
      <if test="endtime != null" >
        endTime = #{endtime,jdbcType=TIMESTAMP},
      </if>
      <if test="default1 != null" >
        default1 = #{default1,jdbcType=VARCHAR},
      </if>
      <if test="default2 != null" >
        default2 = #{default2,jdbcType=VARCHAR},
      </if>
    </set>
    where id = #{id,jdbcType=INTEGER}
  </update>
  <update id="updateByPrimaryKey" parameterType="com.accp.domain.ClientClienttype" >
    update client_clienttype
    set clientType = #{clienttype,jdbcType=VARCHAR},
      validty = #{validty,jdbcType=INTEGER},
      cost = #{cost,jdbcType=REAL},
      address = #{address,jdbcType=VARCHAR},
      type = #{type,jdbcType=VARCHAR},
      discount = #{discount,jdbcType=REAL},
      integral = #{integral,jdbcType=INTEGER},
      startTime = #{starttime,jdbcType=TIMESTAMP},
      endTime = #{endtime,jdbcType=TIMESTAMP},
      default1 = #{default1,jdbcType=VARCHAR},
      default2 = #{default2,jdbcType=VARCHAR}
    where id = #{id,jdbcType=INTEGER}
  </update>
</mapper>