<?xml version="1.0" encoding="UTF-8" ?>
<!DOCTYPE mapper PUBLIC "-//mybatis.org//DTD Mapper 3.0//EN" "http://mybatis.org/dtd/mybatis-3-mapper.dtd" >
<mapper namespace="com.accp.mapper.DataLinkmanMapper" >
  <resultMap id="BaseResultMap" type="com.accp.domain.DataLinkman" >
    <id column="id" property="id" jdbcType="INTEGER" />
    <result column="name" property="name" jdbcType="VARCHAR" />
    <result column="position" property="position" jdbcType="VARCHAR" />
    <result column="phone" property="phone" jdbcType="VARCHAR" />
    <result column="telephone" property="telephone" jdbcType="VARCHAR" />
    <result column="email" property="email" jdbcType="VARCHAR" />
    <result column="manufacture" property="manufacture" jdbcType="INTEGER" />
    <result column="default1" property="default1" jdbcType="VARCHAR" />
    <result column="default2" property="default2" jdbcType="VARCHAR" />
  </resultMap>
  <sql id="Example_Where_Clause" >
    <where >
      <foreach collection="oredCriteria" item="criteria" separator="or" >
        <if test="criteria.valid" >
          <trim prefix="(" suffix=")" prefixOverrides="and" >
            <foreach collection="criteria.criteria" item="criterion" >
              <choose >
                <when test="criterion.noValue" >
                  and ${criterion.condition}
                </when>
                <when test="criterion.singleValue" >
                  and ${criterion.condition} #{criterion.value}
                </when>
                <when test="criterion.betweenValue" >
                  and ${criterion.condition} #{criterion.value} and #{criterion.secondValue}
                </when>
                <when test="criterion.listValue" >
                  and ${criterion.condition}
                  <foreach collection="criterion.value" item="listItem" open="(" close=")" separator="," >
                    #{listItem}
                  </foreach>
                </when>
              </choose>
            </foreach>
          </trim>
        </if>
      </foreach>
    </where>
  </sql>
  <sql id="Update_By_Example_Where_Clause" >
    <where >
      <foreach collection="example.oredCriteria" item="criteria" separator="or" >
        <if test="criteria.valid" >
          <trim prefix="(" suffix=")" prefixOverrides="and" >
            <foreach collection="criteria.criteria" item="criterion" >
              <choose >
                <when test="criterion.noValue" >
                  and ${criterion.condition}
                </when>
                <when test="criterion.singleValue" >
                  and ${criterion.condition} #{criterion.value}
                </when>
                <when test="criterion.betweenValue" >
                  and ${criterion.condition} #{criterion.value} and #{criterion.secondValue}
                </when>
                <when test="criterion.listValue" >
                  and ${criterion.condition}
                  <foreach collection="criterion.value" item="listItem" open="(" close=")" separator="," >
                    #{listItem}
                  </foreach>
                </when>
              </choose>
            </foreach>
          </trim>
        </if>
      </foreach>
    </where>
  </sql>
  <sql id="Base_Column_List" >
    id, name, position, phone, telephone, email, manufacture, default1, default2
  </sql>
  <select id="selectByExample" resultMap="BaseResultMap" parameterType="com.accp.domain.DataLinkmanExample" >
    select
    <if test="distinct" >
      distinct
    </if>
    <include refid="Base_Column_List" />
    from data_linkman
    <if test="_parameter != null" >
      <include refid="Example_Where_Clause" />
    </if>
    <if test="orderByClause != null" >
      order by ${orderByClause}
    </if>
  </select>
  <select id="selectByPrimaryKey" resultMap="BaseResultMap" parameterType="java.lang.Integer" >
    select 
    <include refid="Base_Column_List" />
    from data_linkman
    where id = #{id,jdbcType=INTEGER}
  </select>
  <delete id="deleteByPrimaryKey" parameterType="java.lang.Integer" >
    delete from data_linkman
    where id = #{id,jdbcType=INTEGER}
  </delete>
  <delete id="deleteByExample" parameterType="com.accp.domain.DataLinkmanExample" >
    delete from data_linkman
    <if test="_parameter != null" >
      <include refid="Example_Where_Clause" />
    </if>
  </delete>
  <insert id="insert" parameterType="com.accp.domain.DataLinkman" >
    insert into data_linkman (id, name, position, 
      phone, telephone, email, 
      manufacture, default1, default2
      )
    values (#{id,jdbcType=INTEGER}, #{name,jdbcType=VARCHAR}, #{position,jdbcType=VARCHAR}, 
      #{phone,jdbcType=VARCHAR}, #{telephone,jdbcType=VARCHAR}, #{email,jdbcType=VARCHAR}, 
      #{manufacture,jdbcType=INTEGER}, #{default1,jdbcType=VARCHAR}, #{default2,jdbcType=VARCHAR}
      )
  </insert>
  <insert id="insertSelective" parameterType="com.accp.domain.DataLinkman" >
    insert into data_linkman
    <trim prefix="(" suffix=")" suffixOverrides="," >
      <if test="id != null" >
        id,
      </if>
      <if test="name != null" >
        name,
      </if>
      <if test="position != null" >
        position,
      </if>
      <if test="phone != null" >
        phone,
      </if>
      <if test="telephone != null" >
        telephone,
      </if>
      <if test="email != null" >
        email,
      </if>
      <if test="manufacture != null" >
        manufacture,
      </if>
      <if test="default1 != null" >
        default1,
      </if>
      <if test="default2 != null" >
        default2,
      </if>
    </trim>
    <trim prefix="values (" suffix=")" suffixOverrides="," >
      <if test="id != null" >
        #{id,jdbcType=INTEGER},
      </if>
      <if test="name != null" >
        #{name,jdbcType=VARCHAR},
      </if>
      <if test="position != null" >
        #{position,jdbcType=VARCHAR},
      </if>
      <if test="phone != null" >
        #{phone,jdbcType=VARCHAR},
      </if>
      <if test="telephone != null" >
        #{telephone,jdbcType=VARCHAR},
      </if>
      <if test="email != null" >
        #{email,jdbcType=VARCHAR},
      </if>
      <if test="manufacture != null" >
        #{manufacture,jdbcType=INTEGER},
      </if>
      <if test="default1 != null" >
        #{default1,jdbcType=VARCHAR},
      </if>
      <if test="default2 != null" >
        #{default2,jdbcType=VARCHAR},
      </if>
    </trim>
  </insert>
  <select id="countByExample" parameterType="com.accp.domain.DataLinkmanExample" resultType="java.lang.Integer" >
    select count(*) from data_linkman
    <if test="_parameter != null" >
      <include refid="Example_Where_Clause" />
    </if>
  </select>
  <update id="updateByExampleSelective" parameterType="map" >
    update data_linkman
    <set >
      <if test="record.id != null" >
        id = #{record.id,jdbcType=INTEGER},
      </if>
      <if test="record.name != null" >
        name = #{record.name,jdbcType=VARCHAR},
      </if>
      <if test="record.position != null" >
        position = #{record.position,jdbcType=VARCHAR},
      </if>
      <if test="record.phone != null" >
        phone = #{record.phone,jdbcType=VARCHAR},
      </if>
      <if test="record.telephone != null" >
        telephone = #{record.telephone,jdbcType=VARCHAR},
      </if>
      <if test="record.email != null" >
        email = #{record.email,jdbcType=VARCHAR},
      </if>
      <if test="record.manufacture != null" >
        manufacture = #{record.manufacture,jdbcType=INTEGER},
      </if>
      <if test="record.default1 != null" >
        default1 = #{record.default1,jdbcType=VARCHAR},
      </if>
      <if test="record.default2 != null" >
        default2 = #{record.default2,jdbcType=VARCHAR},
      </if>
    </set>
    <if test="_parameter != null" >
      <include refid="Update_By_Example_Where_Clause" />
    </if>
  </update>
  <update id="updateByExample" parameterType="map" >
    update data_linkman
    set id = #{record.id,jdbcType=INTEGER},
      name = #{record.name,jdbcType=VARCHAR},
      position = #{record.position,jdbcType=VARCHAR},
      phone = #{record.phone,jdbcType=VARCHAR},
      telephone = #{record.telephone,jdbcType=VARCHAR},
      email = #{record.email,jdbcType=VARCHAR},
      manufacture = #{record.manufacture,jdbcType=INTEGER},
      default1 = #{record.default1,jdbcType=VARCHAR},
      default2 = #{record.default2,jdbcType=VARCHAR}
    <if test="_parameter != null" >
      <include refid="Update_By_Example_Where_Clause" />
    </if>
  </update>
  <update id="updateByPrimaryKeySelective" parameterType="com.accp.domain.DataLinkman" >
    update data_linkman
    <set >
      <if test="name != null" >
        name = #{name,jdbcType=VARCHAR},
      </if>
      <if test="position != null" >
        position = #{position,jdbcType=VARCHAR},
      </if>
      <if test="phone != null" >
        phone = #{phone,jdbcType=VARCHAR},
      </if>
      <if test="telephone != null" >
        telephone = #{telephone,jdbcType=VARCHAR},
      </if>
      <if test="email != null" >
        email = #{email,jdbcType=VARCHAR},
      </if>
      <if test="manufacture != null" >
        manufacture = #{manufacture,jdbcType=INTEGER},
      </if>
      <if test="default1 != null" >
        default1 = #{default1,jdbcType=VARCHAR},
      </if>
      <if test="default2 != null" >
        default2 = #{default2,jdbcType=VARCHAR},
      </if>
    </set>
    where id = #{id,jdbcType=INTEGER}
  </update>
  <update id="updateByPrimaryKey" parameterType="com.accp.domain.DataLinkman" >
    update data_linkman
    set name = #{name,jdbcType=VARCHAR},
      position = #{position,jdbcType=VARCHAR},
      phone = #{phone,jdbcType=VARCHAR},
      telephone = #{telephone,jdbcType=VARCHAR},
      email = #{email,jdbcType=VARCHAR},
      manufacture = #{manufacture,jdbcType=INTEGER},
      default1 = #{default1,jdbcType=VARCHAR},
      default2 = #{default2,jdbcType=VARCHAR}
    where id = #{id,jdbcType=INTEGER}
  </update>
</mapper>