<?xml version="1.0" encoding="UTF-8" ?>
<!DOCTYPE mapper PUBLIC "-//mybatis.org//DTD Mapper 3.0//EN" "http://mybatis.org/dtd/mybatis-3-mapper.dtd" >
<mapper namespace="com.accp.mapper.FrontCashierMapper" >
  <resultMap id="BaseResultMap" type="com.accp.domain.FrontCashier" >
    <id column="cashierId" property="cashierid" jdbcType="INTEGER" />
    <result column="totalNum" property="totalnum" jdbcType="REAL" />
    <result column="settlementStatus" property="settlementstatus" jdbcType="VARCHAR" />
    <result column="paymentType" property="paymenttype" jdbcType="VARCHAR" />
    <result column="invoiceId" property="invoiceid" jdbcType="INTEGER" />
    <result column="cashierTime" property="cashiertime" jdbcType="TIMESTAMP" />
    <result column="staffId" property="staffid" jdbcType="VARCHAR" />
    <result column="onCredit" property="oncredit" jdbcType="REAL" />
    <result column="clientId" property="clientid" jdbcType="INTEGER" />
    <result column="change" property="change" jdbcType="REAL" />
    <result column="vipBalance" property="vipbalance" jdbcType="REAL" />
    <result column="default1" property="default1" jdbcType="VARCHAR" />
    <result column="default2" property="default2" jdbcType="VARCHAR" />
  </resultMap>
  <sql id="Example_Where_Clause" >
    <where >
      <foreach collection="oredCriteria" item="criteria" separator="or" >
        <if test="criteria.valid" >
          <trim prefix="(" suffix=")" prefixOverrides="and" >
            <foreach collection="criteria.criteria" item="criterion" >
              <choose >
                <when test="criterion.noValue" >
                  and ${criterion.condition}
                </when>
                <when test="criterion.singleValue" >
                  and ${criterion.condition} #{criterion.value}
                </when>
                <when test="criterion.betweenValue" >
                  and ${criterion.condition} #{criterion.value} and #{criterion.secondValue}
                </when>
                <when test="criterion.listValue" >
                  and ${criterion.condition}
                  <foreach collection="criterion.value" item="listItem" open="(" close=")" separator="," >
                    #{listItem}
                  </foreach>
                </when>
              </choose>
            </foreach>
          </trim>
        </if>
      </foreach>
    </where>
  </sql>
  <sql id="Update_By_Example_Where_Clause" >
    <where >
      <foreach collection="example.oredCriteria" item="criteria" separator="or" >
        <if test="criteria.valid" >
          <trim prefix="(" suffix=")" prefixOverrides="and" >
            <foreach collection="criteria.criteria" item="criterion" >
              <choose >
                <when test="criterion.noValue" >
                  and ${criterion.condition}
                </when>
                <when test="criterion.singleValue" >
                  and ${criterion.condition} #{criterion.value}
                </when>
                <when test="criterion.betweenValue" >
                  and ${criterion.condition} #{criterion.value} and #{criterion.secondValue}
                </when>
                <when test="criterion.listValue" >
                  and ${criterion.condition}
                  <foreach collection="criterion.value" item="listItem" open="(" close=")" separator="," >
                    #{listItem}
                  </foreach>
                </when>
              </choose>
            </foreach>
          </trim>
        </if>
      </foreach>
    </where>
  </sql>
  <sql id="Base_Column_List" >
    cashierId, totalNum, settlementStatus, paymentType, invoiceId, cashierTime, staffId, 
    onCredit, clientId, change, vipBalance, default1, default2
  </sql>
  <select id="selectByExample" resultMap="BaseResultMap" parameterType="com.accp.domain.FrontCashierExample" >
    select
    <if test="distinct" >
      distinct
    </if>
    <include refid="Base_Column_List" />
    from front_cashier
    <if test="_parameter != null" >
      <include refid="Example_Where_Clause" />
    </if>
    <if test="orderByClause != null" >
      order by ${orderByClause}
    </if>
  </select>
  <select id="selectByPrimaryKey" resultMap="BaseResultMap" parameterType="java.lang.Integer" >
    select 
    <include refid="Base_Column_List" />
    from front_cashier
    where cashierId = #{cashierid,jdbcType=INTEGER}
  </select>
  <delete id="deleteByPrimaryKey" parameterType="java.lang.Integer" >
    delete from front_cashier
    where cashierId = #{cashierid,jdbcType=INTEGER}
  </delete>
  <delete id="deleteByExample" parameterType="com.accp.domain.FrontCashierExample" >
    delete from front_cashier
    <if test="_parameter != null" >
      <include refid="Example_Where_Clause" />
    </if>
  </delete>
  <insert id="insert" parameterType="com.accp.domain.FrontCashier" >
    insert into front_cashier (cashierId, totalNum, settlementStatus, 
      paymentType, invoiceId, cashierTime, 
      staffId, onCredit, clientId, 
      change, vipBalance, default1, 
      default2)
    values (#{cashierid,jdbcType=INTEGER}, #{totalnum,jdbcType=REAL}, #{settlementstatus,jdbcType=VARCHAR}, 
      #{paymenttype,jdbcType=VARCHAR}, #{invoiceid,jdbcType=INTEGER}, #{cashiertime,jdbcType=TIMESTAMP}, 
      #{staffid,jdbcType=VARCHAR}, #{oncredit,jdbcType=REAL}, #{clientid,jdbcType=INTEGER}, 
      #{change,jdbcType=REAL}, #{vipbalance,jdbcType=REAL}, #{default1,jdbcType=VARCHAR}, 
      #{default2,jdbcType=VARCHAR})
  </insert>
  <insert id="insertSelective" parameterType="com.accp.domain.FrontCashier" >
    insert into front_cashier
    <trim prefix="(" suffix=")" suffixOverrides="," >
      <if test="cashierid != null" >
        cashierId,
      </if>
      <if test="totalnum != null" >
        totalNum,
      </if>
      <if test="settlementstatus != null" >
        settlementStatus,
      </if>
      <if test="paymenttype != null" >
        paymentType,
      </if>
      <if test="invoiceid != null" >
        invoiceId,
      </if>
      <if test="cashiertime != null" >
        cashierTime,
      </if>
      <if test="staffid != null" >
        staffId,
      </if>
      <if test="oncredit != null" >
        onCredit,
      </if>
      <if test="clientid != null" >
        clientId,
      </if>
      <if test="change != null" >
        change,
      </if>
      <if test="vipbalance != null" >
        vipBalance,
      </if>
      <if test="default1 != null" >
        default1,
      </if>
      <if test="default2 != null" >
        default2,
      </if>
    </trim>
    <trim prefix="values (" suffix=")" suffixOverrides="," >
      <if test="cashierid != null" >
        #{cashierid,jdbcType=INTEGER},
      </if>
      <if test="totalnum != null" >
        #{totalnum,jdbcType=REAL},
      </if>
      <if test="settlementstatus != null" >
        #{settlementstatus,jdbcType=VARCHAR},
      </if>
      <if test="paymenttype != null" >
        #{paymenttype,jdbcType=VARCHAR},
      </if>
      <if test="invoiceid != null" >
        #{invoiceid,jdbcType=INTEGER},
      </if>
      <if test="cashiertime != null" >
        #{cashiertime,jdbcType=TIMESTAMP},
      </if>
      <if test="staffid != null" >
        #{staffid,jdbcType=VARCHAR},
      </if>
      <if test="oncredit != null" >
        #{oncredit,jdbcType=REAL},
      </if>
      <if test="clientid != null" >
        #{clientid,jdbcType=INTEGER},
      </if>
      <if test="change != null" >
        #{change,jdbcType=REAL},
      </if>
      <if test="vipbalance != null" >
        #{vipbalance,jdbcType=REAL},
      </if>
      <if test="default1 != null" >
        #{default1,jdbcType=VARCHAR},
      </if>
      <if test="default2 != null" >
        #{default2,jdbcType=VARCHAR},
      </if>
    </trim>
  </insert>
  <select id="countByExample" parameterType="com.accp.domain.FrontCashierExample" resultType="java.lang.Integer" >
    select count(*) from front_cashier
    <if test="_parameter != null" >
      <include refid="Example_Where_Clause" />
    </if>
  </select>
  <update id="updateByExampleSelective" parameterType="map" >
    update front_cashier
    <set >
      <if test="record.cashierid != null" >
        cashierId = #{record.cashierid,jdbcType=INTEGER},
      </if>
      <if test="record.totalnum != null" >
        totalNum = #{record.totalnum,jdbcType=REAL},
      </if>
      <if test="record.settlementstatus != null" >
        settlementStatus = #{record.settlementstatus,jdbcType=VARCHAR},
      </if>
      <if test="record.paymenttype != null" >
        paymentType = #{record.paymenttype,jdbcType=VARCHAR},
      </if>
      <if test="record.invoiceid != null" >
        invoiceId = #{record.invoiceid,jdbcType=INTEGER},
      </if>
      <if test="record.cashiertime != null" >
        cashierTime = #{record.cashiertime,jdbcType=TIMESTAMP},
      </if>
      <if test="record.staffid != null" >
        staffId = #{record.staffid,jdbcType=VARCHAR},
      </if>
      <if test="record.oncredit != null" >
        onCredit = #{record.oncredit,jdbcType=REAL},
      </if>
      <if test="record.clientid != null" >
        clientId = #{record.clientid,jdbcType=INTEGER},
      </if>
      <if test="record.change != null" >
        change = #{record.change,jdbcType=REAL},
      </if>
      <if test="record.vipbalance != null" >
        vipBalance = #{record.vipbalance,jdbcType=REAL},
      </if>
      <if test="record.default1 != null" >
        default1 = #{record.default1,jdbcType=VARCHAR},
      </if>
      <if test="record.default2 != null" >
        default2 = #{record.default2,jdbcType=VARCHAR},
      </if>
    </set>
    <if test="_parameter != null" >
      <include refid="Update_By_Example_Where_Clause" />
    </if>
  </update>
  <update id="updateByExample" parameterType="map" >
    update front_cashier
    set cashierId = #{record.cashierid,jdbcType=INTEGER},
      totalNum = #{record.totalnum,jdbcType=REAL},
      settlementStatus = #{record.settlementstatus,jdbcType=VARCHAR},
      paymentType = #{record.paymenttype,jdbcType=VARCHAR},
      invoiceId = #{record.invoiceid,jdbcType=INTEGER},
      cashierTime = #{record.cashiertime,jdbcType=TIMESTAMP},
      staffId = #{record.staffid,jdbcType=VARCHAR},
      onCredit = #{record.oncredit,jdbcType=REAL},
      clientId = #{record.clientid,jdbcType=INTEGER},
      change = #{record.change,jdbcType=REAL},
      vipBalance = #{record.vipbalance,jdbcType=REAL},
      default1 = #{record.default1,jdbcType=VARCHAR},
      default2 = #{record.default2,jdbcType=VARCHAR}
    <if test="_parameter != null" >
      <include refid="Update_By_Example_Where_Clause" />
    </if>
  </update>
  <update id="updateByPrimaryKeySelective" parameterType="com.accp.domain.FrontCashier" >
    update front_cashier
    <set >
      <if test="totalnum != null" >
        totalNum = #{totalnum,jdbcType=REAL},
      </if>
      <if test="settlementstatus != null" >
        settlementStatus = #{settlementstatus,jdbcType=VARCHAR},
      </if>
      <if test="paymenttype != null" >
        paymentType = #{paymenttype,jdbcType=VARCHAR},
      </if>
      <if test="invoiceid != null" >
        invoiceId = #{invoiceid,jdbcType=INTEGER},
      </if>
      <if test="cashiertime != null" >
        cashierTime = #{cashiertime,jdbcType=TIMESTAMP},
      </if>
      <if test="staffid != null" >
        staffId = #{staffid,jdbcType=VARCHAR},
      </if>
      <if test="oncredit != null" >
        onCredit = #{oncredit,jdbcType=REAL},
      </if>
      <if test="clientid != null" >
        clientId = #{clientid,jdbcType=INTEGER},
      </if>
      <if test="change != null" >
        change = #{change,jdbcType=REAL},
      </if>
      <if test="vipbalance != null" >
        vipBalance = #{vipbalance,jdbcType=REAL},
      </if>
      <if test="default1 != null" >
        default1 = #{default1,jdbcType=VARCHAR},
      </if>
      <if test="default2 != null" >
        default2 = #{default2,jdbcType=VARCHAR},
      </if>
    </set>
    where cashierId = #{cashierid,jdbcType=INTEGER}
  </update>
  <update id="updateByPrimaryKey" parameterType="com.accp.domain.FrontCashier" >
    update front_cashier
    set totalNum = #{totalnum,jdbcType=REAL},
      settlementStatus = #{settlementstatus,jdbcType=VARCHAR},
      paymentType = #{paymenttype,jdbcType=VARCHAR},
      invoiceId = #{invoiceid,jdbcType=INTEGER},
      cashierTime = #{cashiertime,jdbcType=TIMESTAMP},
      staffId = #{staffid,jdbcType=VARCHAR},
      onCredit = #{oncredit,jdbcType=REAL},
      clientId = #{clientid,jdbcType=INTEGER},
      change = #{change,jdbcType=REAL},
      vipBalance = #{vipbalance,jdbcType=REAL},
      default1 = #{default1,jdbcType=VARCHAR},
      default2 = #{default2,jdbcType=VARCHAR}
    where cashierId = #{cashierid,jdbcType=INTEGER}
  </update>
</mapper>