<?xml version="1.0" encoding="UTF-8" ?>
<!DOCTYPE mapper PUBLIC "-//mybatis.org//DTD Mapper 3.0//EN" "http://mybatis.org/dtd/mybatis-3-mapper.dtd" >
<mapper namespace="com.accp.mapper.FrontInteriorMapper" >
  <resultMap id="BaseResultMap" type="com.accp.domain.FrontInterior" >
    <id column="interiorId" property="interiorid" jdbcType="INTEGER" />
    <result column="artisanName" property="artisanname" jdbcType="VARCHAR" />
    <result column="weight" property="weight" jdbcType="VARCHAR" />
    <result column="default1" property="default1" jdbcType="VARCHAR" />
    <result column="default2" property="default2" jdbcType="VARCHAR" />
  </resultMap>
  <sql id="Example_Where_Clause" >
    <where >
      <foreach collection="oredCriteria" item="criteria" separator="or" >
        <if test="criteria.valid" >
          <trim prefix="(" suffix=")" prefixOverrides="and" >
            <foreach collection="criteria.criteria" item="criterion" >
              <choose >
                <when test="criterion.noValue" >
                  and ${criterion.condition}
                </when>
                <when test="criterion.singleValue" >
                  and ${criterion.condition} #{criterion.value}
                </when>
                <when test="criterion.betweenValue" >
                  and ${criterion.condition} #{criterion.value} and #{criterion.secondValue}
                </when>
                <when test="criterion.listValue" >
                  and ${criterion.condition}
                  <foreach collection="criterion.value" item="listItem" open="(" close=")" separator="," >
                    #{listItem}
                  </foreach>
                </when>
              </choose>
            </foreach>
          </trim>
        </if>
      </foreach>
    </where>
  </sql>
  <sql id="Update_By_Example_Where_Clause" >
    <where >
      <foreach collection="example.oredCriteria" item="criteria" separator="or" >
        <if test="criteria.valid" >
          <trim prefix="(" suffix=")" prefixOverrides="and" >
            <foreach collection="criteria.criteria" item="criterion" >
              <choose >
                <when test="criterion.noValue" >
                  and ${criterion.condition}
                </when>
                <when test="criterion.singleValue" >
                  and ${criterion.condition} #{criterion.value}
                </when>
                <when test="criterion.betweenValue" >
                  and ${criterion.condition} #{criterion.value} and #{criterion.secondValue}
                </when>
                <when test="criterion.listValue" >
                  and ${criterion.condition}
                  <foreach collection="criterion.value" item="listItem" open="(" close=")" separator="," >
                    #{listItem}
                  </foreach>
                </when>
              </choose>
            </foreach>
          </trim>
        </if>
      </foreach>
    </where>
  </sql>
  <sql id="Base_Column_List" >
    interiorId, artisanName, weight, default1, default2
  </sql>
  <select id="selectByExample" resultMap="BaseResultMap" parameterType="com.accp.domain.FrontInteriorExample" >
    select
    <if test="distinct" >
      distinct
    </if>
    <include refid="Base_Column_List" />
    from front_interior
    <if test="_parameter != null" >
      <include refid="Example_Where_Clause" />
    </if>
    <if test="orderByClause != null" >
      order by ${orderByClause}
    </if>
  </select>
  <select id="selectByPrimaryKey" resultMap="BaseResultMap" parameterType="java.lang.Integer" >
    select 
    <include refid="Base_Column_List" />
    from front_interior
    where interiorId = #{interiorid,jdbcType=INTEGER}
  </select>
  <delete id="deleteByPrimaryKey" parameterType="java.lang.Integer" >
    delete from front_interior
    where interiorId = #{interiorid,jdbcType=INTEGER}
  </delete>
  <delete id="deleteByExample" parameterType="com.accp.domain.FrontInteriorExample" >
    delete from front_interior
    <if test="_parameter != null" >
      <include refid="Example_Where_Clause" />
    </if>
  </delete>
  <insert id="insert" parameterType="com.accp.domain.FrontInterior" >
    insert into front_interior (interiorId, artisanName, weight, 
      default1, default2)
    values (#{interiorid,jdbcType=INTEGER}, #{artisanname,jdbcType=VARCHAR}, #{weight,jdbcType=VARCHAR}, 
      #{default1,jdbcType=VARCHAR}, #{default2,jdbcType=VARCHAR})
  </insert>
  <insert id="insertSelective" parameterType="com.accp.domain.FrontInterior" >
    insert into front_interior
    <trim prefix="(" suffix=")" suffixOverrides="," >
      <if test="interiorid != null" >
        interiorId,
      </if>
      <if test="artisanname != null" >
        artisanName,
      </if>
      <if test="weight != null" >
        weight,
      </if>
      <if test="default1 != null" >
        default1,
      </if>
      <if test="default2 != null" >
        default2,
      </if>
    </trim>
    <trim prefix="values (" suffix=")" suffixOverrides="," >
      <if test="interiorid != null" >
        #{interiorid,jdbcType=INTEGER},
      </if>
      <if test="artisanname != null" >
        #{artisanname,jdbcType=VARCHAR},
      </if>
      <if test="weight != null" >
        #{weight,jdbcType=VARCHAR},
      </if>
      <if test="default1 != null" >
        #{default1,jdbcType=VARCHAR},
      </if>
      <if test="default2 != null" >
        #{default2,jdbcType=VARCHAR},
      </if>
    </trim>
  </insert>
  <select id="countByExample" parameterType="com.accp.domain.FrontInteriorExample" resultType="java.lang.Integer" >
    select count(*) from front_interior
    <if test="_parameter != null" >
      <include refid="Example_Where_Clause" />
    </if>
  </select>
  <update id="updateByExampleSelective" parameterType="map" >
    update front_interior
    <set >
      <if test="record.interiorid != null" >
        interiorId = #{record.interiorid,jdbcType=INTEGER},
      </if>
      <if test="record.artisanname != null" >
        artisanName = #{record.artisanname,jdbcType=VARCHAR},
      </if>
      <if test="record.weight != null" >
        weight = #{record.weight,jdbcType=VARCHAR},
      </if>
      <if test="record.default1 != null" >
        default1 = #{record.default1,jdbcType=VARCHAR},
      </if>
      <if test="record.default2 != null" >
        default2 = #{record.default2,jdbcType=VARCHAR},
      </if>
    </set>
    <if test="_parameter != null" >
      <include refid="Update_By_Example_Where_Clause" />
    </if>
  </update>
  <update id="updateByExample" parameterType="map" >
    update front_interior
    set interiorId = #{record.interiorid,jdbcType=INTEGER},
      artisanName = #{record.artisanname,jdbcType=VARCHAR},
      weight = #{record.weight,jdbcType=VARCHAR},
      default1 = #{record.default1,jdbcType=VARCHAR},
      default2 = #{record.default2,jdbcType=VARCHAR}
    <if test="_parameter != null" >
      <include refid="Update_By_Example_Where_Clause" />
    </if>
  </update>
  <update id="updateByPrimaryKeySelective" parameterType="com.accp.domain.FrontInterior" >
    update front_interior
    <set >
      <if test="artisanname != null" >
        artisanName = #{artisanname,jdbcType=VARCHAR},
      </if>
      <if test="weight != null" >
        weight = #{weight,jdbcType=VARCHAR},
      </if>
      <if test="default1 != null" >
        default1 = #{default1,jdbcType=VARCHAR},
      </if>
      <if test="default2 != null" >
        default2 = #{default2,jdbcType=VARCHAR},
      </if>
    </set>
    where interiorId = #{interiorid,jdbcType=INTEGER}
  </update>
  <update id="updateByPrimaryKey" parameterType="com.accp.domain.FrontInterior" >
    update front_interior
    set artisanName = #{artisanname,jdbcType=VARCHAR},
      weight = #{weight,jdbcType=VARCHAR},
      default1 = #{default1,jdbcType=VARCHAR},
      default2 = #{default2,jdbcType=VARCHAR}
    where interiorId = #{interiorid,jdbcType=INTEGER}
  </update>
</mapper>