<?xml version="1.0" encoding="UTF-8" ?>
<!DOCTYPE mapper PUBLIC "-//mybatis.org//DTD Mapper 3.0//EN" "http://mybatis.org/dtd/mybatis-3-mapper.dtd" >
<mapper namespace="com.accp.mapper.MaintainEwitemMapper" >
  <resultMap id="BaseResultMap" type="com.accp.domain.MaintainEwitem" >
    <id column="id" property="id" jdbcType="INTEGER" />
    <result column="name" property="name" jdbcType="VARCHAR" />
    <result column="priceType" property="pricetype" jdbcType="VARCHAR" />
    <result column="price" property="price" jdbcType="REAL" />
    <result column="remark" property="remark" jdbcType="VARCHAR" />
    <result column="rescueId" property="rescueid" jdbcType="INTEGER" />
    <result column="repairid" property="repairid" jdbcType="INTEGER" />
    <result column="default1" property="default1" jdbcType="VARCHAR" />
    <result column="default2" property="default2" jdbcType="VARCHAR" />
  </resultMap>
  <sql id="Example_Where_Clause" >
    <where >
      <foreach collection="oredCriteria" item="criteria" separator="or" >
        <if test="criteria.valid" >
          <trim prefix="(" suffix=")" prefixOverrides="and" >
            <foreach collection="criteria.criteria" item="criterion" >
              <choose >
                <when test="criterion.noValue" >
                  and ${criterion.condition}
                </when>
                <when test="criterion.singleValue" >
                  and ${criterion.condition} #{criterion.value}
                </when>
                <when test="criterion.betweenValue" >
                  and ${criterion.condition} #{criterion.value} and #{criterion.secondValue}
                </when>
                <when test="criterion.listValue" >
                  and ${criterion.condition}
                  <foreach collection="criterion.value" item="listItem" open="(" close=")" separator="," >
                    #{listItem}
                  </foreach>
                </when>
              </choose>
            </foreach>
          </trim>
        </if>
      </foreach>
    </where>
  </sql>
  <sql id="Update_By_Example_Where_Clause" >
    <where >
      <foreach collection="example.oredCriteria" item="criteria" separator="or" >
        <if test="criteria.valid" >
          <trim prefix="(" suffix=")" prefixOverrides="and" >
            <foreach collection="criteria.criteria" item="criterion" >
              <choose >
                <when test="criterion.noValue" >
                  and ${criterion.condition}
                </when>
                <when test="criterion.singleValue" >
                  and ${criterion.condition} #{criterion.value}
                </when>
                <when test="criterion.betweenValue" >
                  and ${criterion.condition} #{criterion.value} and #{criterion.secondValue}
                </when>
                <when test="criterion.listValue" >
                  and ${criterion.condition}
                  <foreach collection="criterion.value" item="listItem" open="(" close=")" separator="," >
                    #{listItem}
                  </foreach>
                </when>
              </choose>
            </foreach>
          </trim>
        </if>
      </foreach>
    </where>
  </sql>
  <sql id="Base_Column_List" >
    id, name, priceType, price, remark, rescueId, repairid, default1, default2
  </sql>
  <select id="selectByExample" resultMap="BaseResultMap" parameterType="com.accp.domain.MaintainEwitemExample" >
    select
    <if test="distinct" >
      distinct
    </if>
    <include refid="Base_Column_List" />
    from maintain_ewitem
    <if test="_parameter != null" >
      <include refid="Example_Where_Clause" />
    </if>
    <if test="orderByClause != null" >
      order by ${orderByClause}
    </if>
  </select>
  <select id="selectByPrimaryKey" resultMap="BaseResultMap" parameterType="java.lang.Integer" >
    select 
    <include refid="Base_Column_List" />
    from maintain_ewitem
    where id = #{id,jdbcType=INTEGER}
  </select>
  <delete id="deleteByPrimaryKey" parameterType="java.lang.Integer" >
    delete from maintain_ewitem
    where id = #{id,jdbcType=INTEGER}
  </delete>
  <delete id="deleteByExample" parameterType="com.accp.domain.MaintainEwitemExample" >
    delete from maintain_ewitem
    <if test="_parameter != null" >
      <include refid="Example_Where_Clause" />
    </if>
  </delete>
  <insert id="insert" parameterType="com.accp.domain.MaintainEwitem" >
    insert into maintain_ewitem (id, name, priceType, 
      price, remark, rescueId, 
      repairid, default1, default2
      )
    values (#{id,jdbcType=INTEGER}, #{name,jdbcType=VARCHAR}, #{pricetype,jdbcType=VARCHAR}, 
      #{price,jdbcType=REAL}, #{remark,jdbcType=VARCHAR}, #{rescueid,jdbcType=INTEGER}, 
      #{repairid,jdbcType=INTEGER}, #{default1,jdbcType=VARCHAR}, #{default2,jdbcType=VARCHAR}
      )
  </insert>
  <insert id="insertSelective" parameterType="com.accp.domain.MaintainEwitem" >
    insert into maintain_ewitem
    <trim prefix="(" suffix=")" suffixOverrides="," >
      <if test="id != null" >
        id,
      </if>
      <if test="name != null" >
        name,
      </if>
      <if test="pricetype != null" >
        priceType,
      </if>
      <if test="price != null" >
        price,
      </if>
      <if test="remark != null" >
        remark,
      </if>
      <if test="rescueid != null" >
        rescueId,
      </if>
      <if test="repairid != null" >
        repairid,
      </if>
      <if test="default1 != null" >
        default1,
      </if>
      <if test="default2 != null" >
        default2,
      </if>
    </trim>
    <trim prefix="values (" suffix=")" suffixOverrides="," >
      <if test="id != null" >
        #{id,jdbcType=INTEGER},
      </if>
      <if test="name != null" >
        #{name,jdbcType=VARCHAR},
      </if>
      <if test="pricetype != null" >
        #{pricetype,jdbcType=VARCHAR},
      </if>
      <if test="price != null" >
        #{price,jdbcType=REAL},
      </if>
      <if test="remark != null" >
        #{remark,jdbcType=VARCHAR},
      </if>
      <if test="rescueid != null" >
        #{rescueid,jdbcType=INTEGER},
      </if>
      <if test="repairid != null" >
        #{repairid,jdbcType=INTEGER},
      </if>
      <if test="default1 != null" >
        #{default1,jdbcType=VARCHAR},
      </if>
      <if test="default2 != null" >
        #{default2,jdbcType=VARCHAR},
      </if>
    </trim>
  </insert>
  <select id="countByExample" parameterType="com.accp.domain.MaintainEwitemExample" resultType="java.lang.Integer" >
    select count(*) from maintain_ewitem
    <if test="_parameter != null" >
      <include refid="Example_Where_Clause" />
    </if>
  </select>
  <update id="updateByExampleSelective" parameterType="map" >
    update maintain_ewitem
    <set >
      <if test="record.id != null" >
        id = #{record.id,jdbcType=INTEGER},
      </if>
      <if test="record.name != null" >
        name = #{record.name,jdbcType=VARCHAR},
      </if>
      <if test="record.pricetype != null" >
        priceType = #{record.pricetype,jdbcType=VARCHAR},
      </if>
      <if test="record.price != null" >
        price = #{record.price,jdbcType=REAL},
      </if>
      <if test="record.remark != null" >
        remark = #{record.remark,jdbcType=VARCHAR},
      </if>
      <if test="record.rescueid != null" >
        rescueId = #{record.rescueid,jdbcType=INTEGER},
      </if>
      <if test="record.repairid != null" >
        repairid = #{record.repairid,jdbcType=INTEGER},
      </if>
      <if test="record.default1 != null" >
        default1 = #{record.default1,jdbcType=VARCHAR},
      </if>
      <if test="record.default2 != null" >
        default2 = #{record.default2,jdbcType=VARCHAR},
      </if>
    </set>
    <if test="_parameter != null" >
      <include refid="Update_By_Example_Where_Clause" />
    </if>
  </update>
  <update id="updateByExample" parameterType="map" >
    update maintain_ewitem
    set id = #{record.id,jdbcType=INTEGER},
      name = #{record.name,jdbcType=VARCHAR},
      priceType = #{record.pricetype,jdbcType=VARCHAR},
      price = #{record.price,jdbcType=REAL},
      remark = #{record.remark,jdbcType=VARCHAR},
      rescueId = #{record.rescueid,jdbcType=INTEGER},
      repairid = #{record.repairid,jdbcType=INTEGER},
      default1 = #{record.default1,jdbcType=VARCHAR},
      default2 = #{record.default2,jdbcType=VARCHAR}
    <if test="_parameter != null" >
      <include refid="Update_By_Example_Where_Clause" />
    </if>
  </update>
  <update id="updateByPrimaryKeySelective" parameterType="com.accp.domain.MaintainEwitem" >
    update maintain_ewitem
    <set >
      <if test="name != null" >
        name = #{name,jdbcType=VARCHAR},
      </if>
      <if test="pricetype != null" >
        priceType = #{pricetype,jdbcType=VARCHAR},
      </if>
      <if test="price != null" >
        price = #{price,jdbcType=REAL},
      </if>
      <if test="remark != null" >
        remark = #{remark,jdbcType=VARCHAR},
      </if>
      <if test="rescueid != null" >
        rescueId = #{rescueid,jdbcType=INTEGER},
      </if>
      <if test="repairid != null" >
        repairid = #{repairid,jdbcType=INTEGER},
      </if>
      <if test="default1 != null" >
        default1 = #{default1,jdbcType=VARCHAR},
      </if>
      <if test="default2 != null" >
        default2 = #{default2,jdbcType=VARCHAR},
      </if>
    </set>
    where id = #{id,jdbcType=INTEGER}
  </update>
  <update id="updateByPrimaryKey" parameterType="com.accp.domain.MaintainEwitem" >
    update maintain_ewitem
    set name = #{name,jdbcType=VARCHAR},
      priceType = #{pricetype,jdbcType=VARCHAR},
      price = #{price,jdbcType=REAL},
      remark = #{remark,jdbcType=VARCHAR},
      rescueId = #{rescueid,jdbcType=INTEGER},
      repairid = #{repairid,jdbcType=INTEGER},
      default1 = #{default1,jdbcType=VARCHAR},
      default2 = #{default2,jdbcType=VARCHAR}
    where id = #{id,jdbcType=INTEGER}
  </update>
</mapper>