<?xml version="1.0" encoding="UTF-8" ?>
<!DOCTYPE mapper PUBLIC "-//mybatis.org//DTD Mapper 3.0//EN" "http://mybatis.org/dtd/mybatis-3-mapper.dtd" >
<mapper namespace="com.accp.mapper.PersonnelDimissionMapper" >
  <resultMap id="BaseResultMap" type="com.accp.domain.PersonnelDimission" >
    <id column="id" property="id" jdbcType="INTEGER" />
    <result column="department" property="department" jdbcType="VARCHAR" />
    <result column="dimissionDate" property="dimissiondate" jdbcType="TIMESTAMP" />
    <result column="dimissionCause" property="dimissioncause" jdbcType="VARCHAR" />
    <result column="staffId" property="staffid" jdbcType="INTEGER" />
    <result column="default1" property="default1" jdbcType="VARCHAR" />
    <result column="default2" property="default2" jdbcType="VARCHAR" />
  </resultMap>
  <sql id="Example_Where_Clause" >
    <where >
      <foreach collection="oredCriteria" item="criteria" separator="or" >
        <if test="criteria.valid" >
          <trim prefix="(" suffix=")" prefixOverrides="and" >
            <foreach collection="criteria.criteria" item="criterion" >
              <choose >
                <when test="criterion.noValue" >
                  and ${criterion.condition}
                </when>
                <when test="criterion.singleValue" >
                  and ${criterion.condition} #{criterion.value}
                </when>
                <when test="criterion.betweenValue" >
                  and ${criterion.condition} #{criterion.value} and #{criterion.secondValue}
                </when>
                <when test="criterion.listValue" >
                  and ${criterion.condition}
                  <foreach collection="criterion.value" item="listItem" open="(" close=")" separator="," >
                    #{listItem}
                  </foreach>
                </when>
              </choose>
            </foreach>
          </trim>
        </if>
      </foreach>
    </where>
  </sql>
  <sql id="Update_By_Example_Where_Clause" >
    <where >
      <foreach collection="example.oredCriteria" item="criteria" separator="or" >
        <if test="criteria.valid" >
          <trim prefix="(" suffix=")" prefixOverrides="and" >
            <foreach collection="criteria.criteria" item="criterion" >
              <choose >
                <when test="criterion.noValue" >
                  and ${criterion.condition}
                </when>
                <when test="criterion.singleValue" >
                  and ${criterion.condition} #{criterion.value}
                </when>
                <when test="criterion.betweenValue" >
                  and ${criterion.condition} #{criterion.value} and #{criterion.secondValue}
                </when>
                <when test="criterion.listValue" >
                  and ${criterion.condition}
                  <foreach collection="criterion.value" item="listItem" open="(" close=")" separator="," >
                    #{listItem}
                  </foreach>
                </when>
              </choose>
            </foreach>
          </trim>
        </if>
      </foreach>
    </where>
  </sql>
  <sql id="Base_Column_List" >
    id, department, dimissionDate, dimissionCause, staffId, default1, default2
  </sql>
  <select id="selectByExample" resultMap="BaseResultMap" parameterType="com.accp.domain.PersonnelDimissionExample" >
    select
    <if test="distinct" >
      distinct
    </if>
    <include refid="Base_Column_List" />
    from personnel_dimission
    <if test="_parameter != null" >
      <include refid="Example_Where_Clause" />
    </if>
    <if test="orderByClause != null" >
      order by ${orderByClause}
    </if>
  </select>
  <select id="selectByPrimaryKey" resultMap="BaseResultMap" parameterType="java.lang.Integer" >
    select 
    <include refid="Base_Column_List" />
    from personnel_dimission
    where id = #{id,jdbcType=INTEGER}
  </select>
  <delete id="deleteByPrimaryKey" parameterType="java.lang.Integer" >
    delete from personnel_dimission
    where id = #{id,jdbcType=INTEGER}
  </delete>
  <delete id="deleteByExample" parameterType="com.accp.domain.PersonnelDimissionExample" >
    delete from personnel_dimission
    <if test="_parameter != null" >
      <include refid="Example_Where_Clause" />
    </if>
  </delete>
  <insert id="insert" parameterType="com.accp.domain.PersonnelDimission" >
    insert into personnel_dimission (id, department, dimissionDate, 
      dimissionCause, staffId, default1, 
      default2)
    values (#{id,jdbcType=INTEGER}, #{department,jdbcType=VARCHAR}, #{dimissiondate,jdbcType=TIMESTAMP}, 
      #{dimissioncause,jdbcType=VARCHAR}, #{staffid,jdbcType=INTEGER}, #{default1,jdbcType=VARCHAR}, 
      #{default2,jdbcType=VARCHAR})
  </insert>
  <insert id="insertSelective" parameterType="com.accp.domain.PersonnelDimission" >
    insert into personnel_dimission
    <trim prefix="(" suffix=")" suffixOverrides="," >
      <if test="id != null" >
        id,
      </if>
      <if test="department != null" >
        department,
      </if>
      <if test="dimissiondate != null" >
        dimissionDate,
      </if>
      <if test="dimissioncause != null" >
        dimissionCause,
      </if>
      <if test="staffid != null" >
        staffId,
      </if>
      <if test="default1 != null" >
        default1,
      </if>
      <if test="default2 != null" >
        default2,
      </if>
    </trim>
    <trim prefix="values (" suffix=")" suffixOverrides="," >
      <if test="id != null" >
        #{id,jdbcType=INTEGER},
      </if>
      <if test="department != null" >
        #{department,jdbcType=VARCHAR},
      </if>
      <if test="dimissiondate != null" >
        #{dimissiondate,jdbcType=TIMESTAMP},
      </if>
      <if test="dimissioncause != null" >
        #{dimissioncause,jdbcType=VARCHAR},
      </if>
      <if test="staffid != null" >
        #{staffid,jdbcType=INTEGER},
      </if>
      <if test="default1 != null" >
        #{default1,jdbcType=VARCHAR},
      </if>
      <if test="default2 != null" >
        #{default2,jdbcType=VARCHAR},
      </if>
    </trim>
  </insert>
  <select id="countByExample" parameterType="com.accp.domain.PersonnelDimissionExample" resultType="java.lang.Integer" >
    select count(*) from personnel_dimission
    <if test="_parameter != null" >
      <include refid="Example_Where_Clause" />
    </if>
  </select>
  <update id="updateByExampleSelective" parameterType="map" >
    update personnel_dimission
    <set >
      <if test="record.id != null" >
        id = #{record.id,jdbcType=INTEGER},
      </if>
      <if test="record.department != null" >
        department = #{record.department,jdbcType=VARCHAR},
      </if>
      <if test="record.dimissiondate != null" >
        dimissionDate = #{record.dimissiondate,jdbcType=TIMESTAMP},
      </if>
      <if test="record.dimissioncause != null" >
        dimissionCause = #{record.dimissioncause,jdbcType=VARCHAR},
      </if>
      <if test="record.staffid != null" >
        staffId = #{record.staffid,jdbcType=INTEGER},
      </if>
      <if test="record.default1 != null" >
        default1 = #{record.default1,jdbcType=VARCHAR},
      </if>
      <if test="record.default2 != null" >
        default2 = #{record.default2,jdbcType=VARCHAR},
      </if>
    </set>
    <if test="_parameter != null" >
      <include refid="Update_By_Example_Where_Clause" />
    </if>
  </update>
  <update id="updateByExample" parameterType="map" >
    update personnel_dimission
    set id = #{record.id,jdbcType=INTEGER},
      department = #{record.department,jdbcType=VARCHAR},
      dimissionDate = #{record.dimissiondate,jdbcType=TIMESTAMP},
      dimissionCause = #{record.dimissioncause,jdbcType=VARCHAR},
      staffId = #{record.staffid,jdbcType=INTEGER},
      default1 = #{record.default1,jdbcType=VARCHAR},
      default2 = #{record.default2,jdbcType=VARCHAR}
    <if test="_parameter != null" >
      <include refid="Update_By_Example_Where_Clause" />
    </if>
  </update>
  <update id="updateByPrimaryKeySelective" parameterType="com.accp.domain.PersonnelDimission" >
    update personnel_dimission
    <set >
      <if test="department != null" >
        department = #{department,jdbcType=VARCHAR},
      </if>
      <if test="dimissiondate != null" >
        dimissionDate = #{dimissiondate,jdbcType=TIMESTAMP},
      </if>
      <if test="dimissioncause != null" >
        dimissionCause = #{dimissioncause,jdbcType=VARCHAR},
      </if>
      <if test="staffid != null" >
        staffId = #{staffid,jdbcType=INTEGER},
      </if>
      <if test="default1 != null" >
        default1 = #{default1,jdbcType=VARCHAR},
      </if>
      <if test="default2 != null" >
        default2 = #{default2,jdbcType=VARCHAR},
      </if>
    </set>
    where id = #{id,jdbcType=INTEGER}
  </update>
  <update id="updateByPrimaryKey" parameterType="com.accp.domain.PersonnelDimission" >
    update personnel_dimission
    set department = #{department,jdbcType=VARCHAR},
      dimissionDate = #{dimissiondate,jdbcType=TIMESTAMP},
      dimissionCause = #{dimissioncause,jdbcType=VARCHAR},
      staffId = #{staffid,jdbcType=INTEGER},
      default1 = #{default1,jdbcType=VARCHAR},
      default2 = #{default2,jdbcType=VARCHAR}
    where id = #{id,jdbcType=INTEGER}
  </update>
</mapper>