<?xml version="1.0" encoding="UTF-8" ?>
<!DOCTYPE mapper PUBLIC "-//mybatis.org//DTD Mapper 3.0//EN" "http://mybatis.org/dtd/mybatis-3-mapper.dtd" >
<mapper namespace="com.accp.mapper.PersonnelPostMapper" >
  <resultMap id="BaseResultMap" type="com.accp.domain.PersonnelPost" >
    <id column="postId" property="postid" jdbcType="INTEGER" />
    <result column="postName" property="postname" jdbcType="VARCHAR" />
    <result column="default1" property="default1" jdbcType="VARCHAR" />
    <result column="default2" property="default2" jdbcType="VARCHAR" />
  </resultMap>
  <sql id="Example_Where_Clause" >
    <where >
      <foreach collection="oredCriteria" item="criteria" separator="or" >
        <if test="criteria.valid" >
          <trim prefix="(" suffix=")" prefixOverrides="and" >
            <foreach collection="criteria.criteria" item="criterion" >
              <choose >
                <when test="criterion.noValue" >
                  and ${criterion.condition}
                </when>
                <when test="criterion.singleValue" >
                  and ${criterion.condition} #{criterion.value}
                </when>
                <when test="criterion.betweenValue" >
                  and ${criterion.condition} #{criterion.value} and #{criterion.secondValue}
                </when>
                <when test="criterion.listValue" >
                  and ${criterion.condition}
                  <foreach collection="criterion.value" item="listItem" open="(" close=")" separator="," >
                    #{listItem}
                  </foreach>
                </when>
              </choose>
            </foreach>
          </trim>
        </if>
      </foreach>
    </where>
  </sql>
  <sql id="Update_By_Example_Where_Clause" >
    <where >
      <foreach collection="example.oredCriteria" item="criteria" separator="or" >
        <if test="criteria.valid" >
          <trim prefix="(" suffix=")" prefixOverrides="and" >
            <foreach collection="criteria.criteria" item="criterion" >
              <choose >
                <when test="criterion.noValue" >
                  and ${criterion.condition}
                </when>
                <when test="criterion.singleValue" >
                  and ${criterion.condition} #{criterion.value}
                </when>
                <when test="criterion.betweenValue" >
                  and ${criterion.condition} #{criterion.value} and #{criterion.secondValue}
                </when>
                <when test="criterion.listValue" >
                  and ${criterion.condition}
                  <foreach collection="criterion.value" item="listItem" open="(" close=")" separator="," >
                    #{listItem}
                  </foreach>
                </when>
              </choose>
            </foreach>
          </trim>
        </if>
      </foreach>
    </where>
  </sql>
  <sql id="Base_Column_List" >
    postId, postName, default1, default2
  </sql>
  <select id="selectByExample" resultMap="BaseResultMap" parameterType="com.accp.domain.PersonnelPostExample" >
    select
    <if test="distinct" >
      distinct
    </if>
    <include refid="Base_Column_List" />
    from personnel_post
    <if test="_parameter != null" >
      <include refid="Example_Where_Clause" />
    </if>
    <if test="orderByClause != null" >
      order by ${orderByClause}
    </if>
  </select>
  <select id="selectByPrimaryKey" resultMap="BaseResultMap" parameterType="java.lang.Integer" >
    select 
    <include refid="Base_Column_List" />
    from personnel_post
    where postId = #{postid,jdbcType=INTEGER}
  </select>
  <delete id="deleteByPrimaryKey" parameterType="java.lang.Integer" >
    delete from personnel_post
    where postId = #{postid,jdbcType=INTEGER}
  </delete>
  <delete id="deleteByExample" parameterType="com.accp.domain.PersonnelPostExample" >
    delete from personnel_post
    <if test="_parameter != null" >
      <include refid="Example_Where_Clause" />
    </if>
  </delete>
  <insert id="insert" parameterType="com.accp.domain.PersonnelPost" >
    insert into personnel_post (postId, postName, default1, 
      default2)
    values (#{postid,jdbcType=INTEGER}, #{postname,jdbcType=VARCHAR}, #{default1,jdbcType=VARCHAR}, 
      #{default2,jdbcType=VARCHAR})
  </insert>
  <insert id="insertSelective" parameterType="com.accp.domain.PersonnelPost" >
    insert into personnel_post
    <trim prefix="(" suffix=")" suffixOverrides="," >
      <if test="postid != null" >
        postId,
      </if>
      <if test="postname != null" >
        postName,
      </if>
      <if test="default1 != null" >
        default1,
      </if>
      <if test="default2 != null" >
        default2,
      </if>
    </trim>
    <trim prefix="values (" suffix=")" suffixOverrides="," >
      <if test="postid != null" >
        #{postid,jdbcType=INTEGER},
      </if>
      <if test="postname != null" >
        #{postname,jdbcType=VARCHAR},
      </if>
      <if test="default1 != null" >
        #{default1,jdbcType=VARCHAR},
      </if>
      <if test="default2 != null" >
        #{default2,jdbcType=VARCHAR},
      </if>
    </trim>
  </insert>
  <select id="countByExample" parameterType="com.accp.domain.PersonnelPostExample" resultType="java.lang.Integer" >
    select count(*) from personnel_post
    <if test="_parameter != null" >
      <include refid="Example_Where_Clause" />
    </if>
  </select>
  <update id="updateByExampleSelective" parameterType="map" >
    update personnel_post
    <set >
      <if test="record.postid != null" >
        postId = #{record.postid,jdbcType=INTEGER},
      </if>
      <if test="record.postname != null" >
        postName = #{record.postname,jdbcType=VARCHAR},
      </if>
      <if test="record.default1 != null" >
        default1 = #{record.default1,jdbcType=VARCHAR},
      </if>
      <if test="record.default2 != null" >
        default2 = #{record.default2,jdbcType=VARCHAR},
      </if>
    </set>
    <if test="_parameter != null" >
      <include refid="Update_By_Example_Where_Clause" />
    </if>
  </update>
  <update id="updateByExample" parameterType="map" >
    update personnel_post
    set postId = #{record.postid,jdbcType=INTEGER},
      postName = #{record.postname,jdbcType=VARCHAR},
      default1 = #{record.default1,jdbcType=VARCHAR},
      default2 = #{record.default2,jdbcType=VARCHAR}
    <if test="_parameter != null" >
      <include refid="Update_By_Example_Where_Clause" />
    </if>
  </update>
  <update id="updateByPrimaryKeySelective" parameterType="com.accp.domain.PersonnelPost" >
    update personnel_post
    <set >
      <if test="postname != null" >
        postName = #{postname,jdbcType=VARCHAR},
      </if>
      <if test="default1 != null" >
        default1 = #{default1,jdbcType=VARCHAR},
      </if>
      <if test="default2 != null" >
        default2 = #{default2,jdbcType=VARCHAR},
      </if>
    </set>
    where postId = #{postid,jdbcType=INTEGER}
  </update>
  <update id="updateByPrimaryKey" parameterType="com.accp.domain.PersonnelPost" >
    update personnel_post
    set postName = #{postname,jdbcType=VARCHAR},
      default1 = #{default1,jdbcType=VARCHAR},
      default2 = #{default2,jdbcType=VARCHAR}
    where postId = #{postid,jdbcType=INTEGER}
  </update>
</mapper>