<?xml version="1.0" encoding="UTF-8" ?>
<!DOCTYPE mapper PUBLIC "-//mybatis.org//DTD Mapper 3.0//EN" "http://mybatis.org/dtd/mybatis-3-mapper.dtd" >
<mapper namespace="com.accp.mapper.PersonnelDepartmentMapper" >
  <resultMap id="BaseResultMap" type="com.accp.domain.PersonnelDepartment" >
    <id column="id" property="id" jdbcType="INTEGER" />
    <result column="departmentName" property="departmentname" jdbcType="VARCHAR" />
    <result column="dtid" property="dtid" jdbcType="INTEGER" />
    <result column="parentId" property="parentid" jdbcType="INTEGER" />
    <result column="default1" property="default1" jdbcType="VARCHAR" />
    <result column="default2" property="default2" jdbcType="VARCHAR" />
  </resultMap>
  <sql id="Example_Where_Clause" >
    <where >
      <foreach collection="oredCriteria" item="criteria" separator="or" >
        <if test="criteria.valid" >
          <trim prefix="(" suffix=")" prefixOverrides="and" >
            <foreach collection="criteria.criteria" item="criterion" >
              <choose >
                <when test="criterion.noValue" >
                  and ${criterion.condition}
                </when>
                <when test="criterion.singleValue" >
                  and ${criterion.condition} #{criterion.value}
                </when>
                <when test="criterion.betweenValue" >
                  and ${criterion.condition} #{criterion.value} and #{criterion.secondValue}
                </when>
                <when test="criterion.listValue" >
                  and ${criterion.condition}
                  <foreach collection="criterion.value" item="listItem" open="(" close=")" separator="," >
                    #{listItem}
                  </foreach>
                </when>
              </choose>
            </foreach>
          </trim>
        </if>
      </foreach>
    </where>
  </sql>
  <sql id="Update_By_Example_Where_Clause" >
    <where >
      <foreach collection="example.oredCriteria" item="criteria" separator="or" >
        <if test="criteria.valid" >
          <trim prefix="(" suffix=")" prefixOverrides="and" >
            <foreach collection="criteria.criteria" item="criterion" >
              <choose >
                <when test="criterion.noValue" >
                  and ${criterion.condition}
                </when>
                <when test="criterion.singleValue" >
                  and ${criterion.condition} #{criterion.value}
                </when>
                <when test="criterion.betweenValue" >
                  and ${criterion.condition} #{criterion.value} and #{criterion.secondValue}
                </when>
                <when test="criterion.listValue" >
                  and ${criterion.condition}
                  <foreach collection="criterion.value" item="listItem" open="(" close=")" separator="," >
                    #{listItem}
                  </foreach>
                </when>
              </choose>
            </foreach>
          </trim>
        </if>
      </foreach>
    </where>
  </sql>
  <sql id="Base_Column_List" >
    id, departmentName, dtid, parentId, default1, default2
  </sql>
  <select id="selectByExample" resultMap="BaseResultMap" parameterType="com.accp.domain.PersonnelDepartmentExample" >
    select
    <if test="distinct" >
      distinct
    </if>
    <include refid="Base_Column_List" />
    from personnel_department
    <if test="_parameter != null" >
      <include refid="Example_Where_Clause" />
    </if>
    <if test="orderByClause != null" >
      order by ${orderByClause}
    </if>
  </select>
  <select id="selectByPrimaryKey" resultMap="BaseResultMap" parameterType="java.lang.Integer" >
    select 
    <include refid="Base_Column_List" />
    from personnel_department
    where id = #{id,jdbcType=INTEGER}
  </select>
  <delete id="deleteByPrimaryKey" parameterType="java.lang.Integer" >
    delete from personnel_department
    where id = #{id,jdbcType=INTEGER}
  </delete>
  <delete id="deleteByExample" parameterType="com.accp.domain.PersonnelDepartmentExample" >
    delete from personnel_department
    <if test="_parameter != null" >
      <include refid="Example_Where_Clause" />
    </if>
  </delete>
  <insert id="insert" parameterType="com.accp.domain.PersonnelDepartment" >
    insert into personnel_department (id, departmentName, dtid, 
      parentId, default1, default2
      )
    values (#{id,jdbcType=INTEGER}, #{departmentname,jdbcType=VARCHAR}, #{dtid,jdbcType=INTEGER}, 
      #{parentid,jdbcType=INTEGER}, #{default1,jdbcType=VARCHAR}, #{default2,jdbcType=VARCHAR}
      )
  </insert>
  <insert id="insertSelective" parameterType="com.accp.domain.PersonnelDepartment" >
    insert into personnel_department
    <trim prefix="(" suffix=")" suffixOverrides="," >
      <if test="id != null" >
        id,
      </if>
      <if test="departmentname != null" >
        departmentName,
      </if>
      <if test="dtid != null" >
        dtid,
      </if>
      <if test="parentid != null" >
        parentId,
      </if>
      <if test="default1 != null" >
        default1,
      </if>
      <if test="default2 != null" >
        default2,
      </if>
    </trim>
    <trim prefix="values (" suffix=")" suffixOverrides="," >
      <if test="id != null" >
        #{id,jdbcType=INTEGER},
      </if>
      <if test="departmentname != null" >
        #{departmentname,jdbcType=VARCHAR},
      </if>
      <if test="dtid != null" >
        #{dtid,jdbcType=INTEGER},
      </if>
      <if test="parentid != null" >
        #{parentid,jdbcType=INTEGER},
      </if>
      <if test="default1 != null" >
        #{default1,jdbcType=VARCHAR},
      </if>
      <if test="default2 != null" >
        #{default2,jdbcType=VARCHAR},
      </if>
    </trim>
  </insert>
  <select id="countByExample" parameterType="com.accp.domain.PersonnelDepartmentExample" resultType="java.lang.Integer" >
    select count(*) from personnel_department
    <if test="_parameter != null" >
      <include refid="Example_Where_Clause" />
    </if>
  </select>
  <update id="updateByExampleSelective" parameterType="map" >
    update personnel_department
    <set >
      <if test="record.id != null" >
        id = #{record.id,jdbcType=INTEGER},
      </if>
      <if test="record.departmentname != null" >
        departmentName = #{record.departmentname,jdbcType=VARCHAR},
      </if>
      <if test="record.dtid != null" >
        dtid = #{record.dtid,jdbcType=INTEGER},
      </if>
      <if test="record.parentid != null" >
        parentId = #{record.parentid,jdbcType=INTEGER},
      </if>
      <if test="record.default1 != null" >
        default1 = #{record.default1,jdbcType=VARCHAR},
      </if>
      <if test="record.default2 != null" >
        default2 = #{record.default2,jdbcType=VARCHAR},
      </if>
    </set>
    <if test="_parameter != null" >
      <include refid="Update_By_Example_Where_Clause" />
    </if>
  </update>
  <update id="updateByExample" parameterType="map" >
    update personnel_department
    set id = #{record.id,jdbcType=INTEGER},
      departmentName = #{record.departmentname,jdbcType=VARCHAR},
      dtid = #{record.dtid,jdbcType=INTEGER},
      parentId = #{record.parentid,jdbcType=INTEGER},
      default1 = #{record.default1,jdbcType=VARCHAR},
      default2 = #{record.default2,jdbcType=VARCHAR}
    <if test="_parameter != null" >
      <include refid="Update_By_Example_Where_Clause" />
    </if>
  </update>
  <update id="updateByPrimaryKeySelective" parameterType="com.accp.domain.PersonnelDepartment" >
    update personnel_department
    <set >
      <if test="departmentname != null" >
        departmentName = #{departmentname,jdbcType=VARCHAR},
      </if>
      <if test="dtid != null" >
        dtid = #{dtid,jdbcType=INTEGER},
      </if>
      <if test="parentid != null" >
        parentId = #{parentid,jdbcType=INTEGER},
      </if>
      <if test="default1 != null" >
        default1 = #{default1,jdbcType=VARCHAR},
      </if>
      <if test="default2 != null" >
        default2 = #{default2,jdbcType=VARCHAR},
      </if>
    </set>
    where id = #{id,jdbcType=INTEGER}
  </update>
  <update id="updateByPrimaryKey" parameterType="com.accp.domain.PersonnelDepartment" >
    update personnel_department
    set departmentName = #{departmentname,jdbcType=VARCHAR},
      dtid = #{dtid,jdbcType=INTEGER},
      parentId = #{parentid,jdbcType=INTEGER},
      default1 = #{default1,jdbcType=VARCHAR},
      default2 = #{default2,jdbcType=VARCHAR}
    where id = #{id,jdbcType=INTEGER}
  </update>
</mapper>