<?xml version="1.0" encoding="UTF-8" ?>
<!DOCTYPE mapper PUBLIC "-//mybatis.org//DTD Mapper 3.0//EN" "http://mybatis.org/dtd/mybatis-3-mapper.dtd" >
<mapper namespace="com.accp.mapper.PersonnelAddressbookMapper" >
  <resultMap id="BaseResultMap" type="com.accp.domain.PersonnelAddressbook" >
    <id column="id" property="id" jdbcType="INTEGER" />
    <result column="department" property="department" jdbcType="VARCHAR" />
    <result column="staffId" property="staffid" jdbcType="INTEGER" />
    <result column="cornet" property="cornet" jdbcType="VARCHAR" />
    <result column="dialDirectly" property="dialdirectly" jdbcType="VARCHAR" />
    <result column="phone" property="phone" jdbcType="VARCHAR" />
    <result column="email" property="email" jdbcType="VARCHAR" />
    <result column="default1" property="default1" jdbcType="VARCHAR" />
    <result column="default2" property="default2" jdbcType="VARCHAR" />
  </resultMap>
  <sql id="Example_Where_Clause" >
    <where >
      <foreach collection="oredCriteria" item="criteria" separator="or" >
        <if test="criteria.valid" >
          <trim prefix="(" suffix=")" prefixOverrides="and" >
            <foreach collection="criteria.criteria" item="criterion" >
              <choose >
                <when test="criterion.noValue" >
                  and ${criterion.condition}
                </when>
                <when test="criterion.singleValue" >
                  and ${criterion.condition} #{criterion.value}
                </when>
                <when test="criterion.betweenValue" >
                  and ${criterion.condition} #{criterion.value} and #{criterion.secondValue}
                </when>
                <when test="criterion.listValue" >
                  and ${criterion.condition}
                  <foreach collection="criterion.value" item="listItem" open="(" close=")" separator="," >
                    #{listItem}
                  </foreach>
                </when>
              </choose>
            </foreach>
          </trim>
        </if>
      </foreach>
    </where>
  </sql>
  <sql id="Update_By_Example_Where_Clause" >
    <where >
      <foreach collection="example.oredCriteria" item="criteria" separator="or" >
        <if test="criteria.valid" >
          <trim prefix="(" suffix=")" prefixOverrides="and" >
            <foreach collection="criteria.criteria" item="criterion" >
              <choose >
                <when test="criterion.noValue" >
                  and ${criterion.condition}
                </when>
                <when test="criterion.singleValue" >
                  and ${criterion.condition} #{criterion.value}
                </when>
                <when test="criterion.betweenValue" >
                  and ${criterion.condition} #{criterion.value} and #{criterion.secondValue}
                </when>
                <when test="criterion.listValue" >
                  and ${criterion.condition}
                  <foreach collection="criterion.value" item="listItem" open="(" close=")" separator="," >
                    #{listItem}
                  </foreach>
                </when>
              </choose>
            </foreach>
          </trim>
        </if>
      </foreach>
    </where>
  </sql>
  <sql id="Base_Column_List" >
    id, department, staffId, cornet, dialDirectly, phone, email, default1, default2
  </sql>
  <select id="selectByExample" resultMap="BaseResultMap" parameterType="com.accp.domain.PersonnelAddressbookExample" >
    select
    <if test="distinct" >
      distinct
    </if>
    <include refid="Base_Column_List" />
    from personnel_addressbook
    <if test="_parameter != null" >
      <include refid="Example_Where_Clause" />
    </if>
    <if test="orderByClause != null" >
      order by ${orderByClause}
    </if>
  </select>
  <select id="selectByPrimaryKey" resultMap="BaseResultMap" parameterType="java.lang.Integer" >
    select 
    <include refid="Base_Column_List" />
    from personnel_addressbook
    where id = #{id,jdbcType=INTEGER}
  </select>
  <delete id="deleteByPrimaryKey" parameterType="java.lang.Integer" >
    delete from personnel_addressbook
    where id = #{id,jdbcType=INTEGER}
  </delete>
  <delete id="deleteByExample" parameterType="com.accp.domain.PersonnelAddressbookExample" >
    delete from personnel_addressbook
    <if test="_parameter != null" >
      <include refid="Example_Where_Clause" />
    </if>
  </delete>
  <insert id="insert" parameterType="com.accp.domain.PersonnelAddressbook" >
    insert into personnel_addressbook (id, department, staffId, 
      cornet, dialDirectly, phone, 
      email, default1, default2
      )
    values (#{id,jdbcType=INTEGER}, #{department,jdbcType=VARCHAR}, #{staffid,jdbcType=INTEGER}, 
      #{cornet,jdbcType=VARCHAR}, #{dialdirectly,jdbcType=VARCHAR}, #{phone,jdbcType=VARCHAR}, 
      #{email,jdbcType=VARCHAR}, #{default1,jdbcType=VARCHAR}, #{default2,jdbcType=VARCHAR}
      )
  </insert>
  <insert id="insertSelective" parameterType="com.accp.domain.PersonnelAddressbook" >
    insert into personnel_addressbook
    <trim prefix="(" suffix=")" suffixOverrides="," >
      <if test="id != null" >
        id,
      </if>
      <if test="department != null" >
        department,
      </if>
      <if test="staffid != null" >
        staffId,
      </if>
      <if test="cornet != null" >
        cornet,
      </if>
      <if test="dialdirectly != null" >
        dialDirectly,
      </if>
      <if test="phone != null" >
        phone,
      </if>
      <if test="email != null" >
        email,
      </if>
      <if test="default1 != null" >
        default1,
      </if>
      <if test="default2 != null" >
        default2,
      </if>
    </trim>
    <trim prefix="values (" suffix=")" suffixOverrides="," >
      <if test="id != null" >
        #{id,jdbcType=INTEGER},
      </if>
      <if test="department != null" >
        #{department,jdbcType=VARCHAR},
      </if>
      <if test="staffid != null" >
        #{staffid,jdbcType=INTEGER},
      </if>
      <if test="cornet != null" >
        #{cornet,jdbcType=VARCHAR},
      </if>
      <if test="dialdirectly != null" >
        #{dialdirectly,jdbcType=VARCHAR},
      </if>
      <if test="phone != null" >
        #{phone,jdbcType=VARCHAR},
      </if>
      <if test="email != null" >
        #{email,jdbcType=VARCHAR},
      </if>
      <if test="default1 != null" >
        #{default1,jdbcType=VARCHAR},
      </if>
      <if test="default2 != null" >
        #{default2,jdbcType=VARCHAR},
      </if>
    </trim>
  </insert>
  <select id="countByExample" parameterType="com.accp.domain.PersonnelAddressbookExample" resultType="java.lang.Integer" >
    select count(*) from personnel_addressbook
    <if test="_parameter != null" >
      <include refid="Example_Where_Clause" />
    </if>
  </select>
  <update id="updateByExampleSelective" parameterType="map" >
    update personnel_addressbook
    <set >
      <if test="record.id != null" >
        id = #{record.id,jdbcType=INTEGER},
      </if>
      <if test="record.department != null" >
        department = #{record.department,jdbcType=VARCHAR},
      </if>
      <if test="record.staffid != null" >
        staffId = #{record.staffid,jdbcType=INTEGER},
      </if>
      <if test="record.cornet != null" >
        cornet = #{record.cornet,jdbcType=VARCHAR},
      </if>
      <if test="record.dialdirectly != null" >
        dialDirectly = #{record.dialdirectly,jdbcType=VARCHAR},
      </if>
      <if test="record.phone != null" >
        phone = #{record.phone,jdbcType=VARCHAR},
      </if>
      <if test="record.email != null" >
        email = #{record.email,jdbcType=VARCHAR},
      </if>
      <if test="record.default1 != null" >
        default1 = #{record.default1,jdbcType=VARCHAR},
      </if>
      <if test="record.default2 != null" >
        default2 = #{record.default2,jdbcType=VARCHAR},
      </if>
    </set>
    <if test="_parameter != null" >
      <include refid="Update_By_Example_Where_Clause" />
    </if>
  </update>
  <update id="updateByExample" parameterType="map" >
    update personnel_addressbook
    set id = #{record.id,jdbcType=INTEGER},
      department = #{record.department,jdbcType=VARCHAR},
      staffId = #{record.staffid,jdbcType=INTEGER},
      cornet = #{record.cornet,jdbcType=VARCHAR},
      dialDirectly = #{record.dialdirectly,jdbcType=VARCHAR},
      phone = #{record.phone,jdbcType=VARCHAR},
      email = #{record.email,jdbcType=VARCHAR},
      default1 = #{record.default1,jdbcType=VARCHAR},
      default2 = #{record.default2,jdbcType=VARCHAR}
    <if test="_parameter != null" >
      <include refid="Update_By_Example_Where_Clause" />
    </if>
  </update>
  <update id="updateByPrimaryKeySelective" parameterType="com.accp.domain.PersonnelAddressbook" >
    update personnel_addressbook
    <set >
      <if test="department != null" >
        department = #{department,jdbcType=VARCHAR},
      </if>
      <if test="staffid != null" >
        staffId = #{staffid,jdbcType=INTEGER},
      </if>
      <if test="cornet != null" >
        cornet = #{cornet,jdbcType=VARCHAR},
      </if>
      <if test="dialdirectly != null" >
        dialDirectly = #{dialdirectly,jdbcType=VARCHAR},
      </if>
      <if test="phone != null" >
        phone = #{phone,jdbcType=VARCHAR},
      </if>
      <if test="email != null" >
        email = #{email,jdbcType=VARCHAR},
      </if>
      <if test="default1 != null" >
        default1 = #{default1,jdbcType=VARCHAR},
      </if>
      <if test="default2 != null" >
        default2 = #{default2,jdbcType=VARCHAR},
      </if>
    </set>
    where id = #{id,jdbcType=INTEGER}
  </update>
  <update id="updateByPrimaryKey" parameterType="com.accp.domain.PersonnelAddressbook" >
    update personnel_addressbook
    set department = #{department,jdbcType=VARCHAR},
      staffId = #{staffid,jdbcType=INTEGER},
      cornet = #{cornet,jdbcType=VARCHAR},
      dialDirectly = #{dialdirectly,jdbcType=VARCHAR},
      phone = #{phone,jdbcType=VARCHAR},
      email = #{email,jdbcType=VARCHAR},
      default1 = #{default1,jdbcType=VARCHAR},
      default2 = #{default2,jdbcType=VARCHAR}
    where id = #{id,jdbcType=INTEGER}
  </update>
</mapper>