<?xml version="1.0" encoding="UTF-8" ?>
<!DOCTYPE mapper PUBLIC "-//mybatis.org//DTD Mapper 3.0//EN" "http://mybatis.org/dtd/mybatis-3-mapper.dtd" >
<mapper namespace="com.accp.mapper.SystemPermissionsMapper" >
  <resultMap id="BaseResultMap" type="com.accp.domain.SystemPermissions" >
    <id column="id" property="id" jdbcType="INTEGER" />
    <result column="name" property="name" jdbcType="VARCHAR" />
    <result column="ename" property="ename" jdbcType="VARCHAR" />
    <result column="catalog" property="catalog" jdbcType="INTEGER" />
    <result column="parentid" property="parentid" jdbcType="INTEGER" />
    <result column="path" property="path" jdbcType="VARCHAR" />
    <result column="default1" property="default1" jdbcType="VARCHAR" />
    <result column="default2" property="default2" jdbcType="VARCHAR" />
  </resultMap>
  <select id="selectUserMenuAll" resultMap="BaseResultMap">
    SELECT `system_permissions`.* FROM `system_permissions`
    INNER JOIN `system_roles_perms` ON `system_roles_perms`.`pid` = `system_permissions`.`id`
    INNER JOIN `system_roles` ON `system_roles`.`id` = `system_roles_perms`.`rid`
  </select>
  <sql id="Example_Where_Clause" >
    <where >
      <foreach collection="oredCriteria" item="criteria" separator="or" >
        <if test="criteria.valid" >
          <trim prefix="(" suffix=")" prefixOverrides="and" >
            <foreach collection="criteria.criteria" item="criterion" >
              <choose >
                <when test="criterion.noValue" >
                  and ${criterion.condition}
                </when>
                <when test="criterion.singleValue" >
                  and ${criterion.condition} #{criterion.value}
                </when>
                <when test="criterion.betweenValue" >
                  and ${criterion.condition} #{criterion.value} and #{criterion.secondValue}
                </when>
                <when test="criterion.listValue" >
                  and ${criterion.condition}
                  <foreach collection="criterion.value" item="listItem" open="(" close=")" separator="," >
                    #{listItem}
                  </foreach>
                </when>
              </choose>
            </foreach>
          </trim>
        </if>
      </foreach>
    </where>
  </sql>
  <sql id="Update_By_Example_Where_Clause" >
    <where >
      <foreach collection="example.oredCriteria" item="criteria" separator="or" >
        <if test="criteria.valid" >
          <trim prefix="(" suffix=")" prefixOverrides="and" >
            <foreach collection="criteria.criteria" item="criterion" >
              <choose >
                <when test="criterion.noValue" >
                  and ${criterion.condition}
                </when>
                <when test="criterion.singleValue" >
                  and ${criterion.condition} #{criterion.value}
                </when>
                <when test="criterion.betweenValue" >
                  and ${criterion.condition} #{criterion.value} and #{criterion.secondValue}
                </when>
                <when test="criterion.listValue" >
                  and ${criterion.condition}
                  <foreach collection="criterion.value" item="listItem" open="(" close=")" separator="," >
                    #{listItem}
                  </foreach>
                </when>
              </choose>
            </foreach>
          </trim>
        </if>
      </foreach>
    </where>
  </sql>
  <sql id="Base_Column_List" >
    id, name, ename, catalog, parentid, path, default1, default2
  </sql>
  <select id="selectByExample" resultMap="BaseResultMap" parameterType="com.accp.domain.SystemPermissionsExample" >
    select
    <if test="distinct" >
      distinct
    </if>
    <include refid="Base_Column_List" />
    from system_permissions
    <if test="_parameter != null" >
      <include refid="Example_Where_Clause" />
    </if>
    <if test="orderByClause != null" >
      order by ${orderByClause}
    </if>
  </select>
  <select id="selectByPrimaryKey" resultMap="BaseResultMap" parameterType="java.lang.Integer" >
    select 
    <include refid="Base_Column_List" />
    from system_permissions
    where id = #{id,jdbcType=INTEGER}
  </select>
  <delete id="deleteByPrimaryKey" parameterType="java.lang.Integer" >
    delete from system_permissions
    where id = #{id,jdbcType=INTEGER}
  </delete>
  <delete id="deleteByExample" parameterType="com.accp.domain.SystemPermissionsExample" >
    delete from system_permissions
    <if test="_parameter != null" >
      <include refid="Example_Where_Clause" />
    </if>
  </delete>
  <insert id="insert" parameterType="com.accp.domain.SystemPermissions" >
    insert into system_permissions (id, name, ename, 
      catalog, parentid, path, 
      default1, default2)
    values (#{id,jdbcType=INTEGER}, #{name,jdbcType=VARCHAR}, #{ename,jdbcType=VARCHAR}, 
      #{catalog,jdbcType=INTEGER}, #{parentid,jdbcType=INTEGER}, #{path,jdbcType=VARCHAR}, 
      #{default1,jdbcType=VARCHAR}, #{default2,jdbcType=VARCHAR})
  </insert>
  <insert id="insertSelective" parameterType="com.accp.domain.SystemPermissions" >
    insert into system_permissions
    <trim prefix="(" suffix=")" suffixOverrides="," >
      <if test="id != null" >
        id,
      </if>
      <if test="name != null" >
        name,
      </if>
      <if test="ename != null" >
        ename,
      </if>
      <if test="catalog != null" >
        catalog,
      </if>
      <if test="parentid != null" >
        parentid,
      </if>
      <if test="path != null" >
        path,
      </if>
      <if test="default1 != null" >
        default1,
      </if>
      <if test="default2 != null" >
        default2,
      </if>
    </trim>
    <trim prefix="values (" suffix=")" suffixOverrides="," >
      <if test="id != null" >
        #{id,jdbcType=INTEGER},
      </if>
      <if test="name != null" >
        #{name,jdbcType=VARCHAR},
      </if>
      <if test="ename != null" >
        #{ename,jdbcType=VARCHAR},
      </if>
      <if test="catalog != null" >
        #{catalog,jdbcType=INTEGER},
      </if>
      <if test="parentid != null" >
        #{parentid,jdbcType=INTEGER},
      </if>
      <if test="path != null" >
        #{path,jdbcType=VARCHAR},
      </if>
      <if test="default1 != null" >
        #{default1,jdbcType=VARCHAR},
      </if>
      <if test="default2 != null" >
        #{default2,jdbcType=VARCHAR},
      </if>
    </trim>
  </insert>
  <select id="countByExample" parameterType="com.accp.domain.SystemPermissionsExample" resultType="java.lang.Integer" >
    select count(*) from system_permissions
    <if test="_parameter != null" >
      <include refid="Example_Where_Clause" />
    </if>
  </select>
  <update id="updateByExampleSelective" parameterType="map" >
    update system_permissions
    <set >
      <if test="record.id != null" >
        id = #{record.id,jdbcType=INTEGER},
      </if>
      <if test="record.name != null" >
        name = #{record.name,jdbcType=VARCHAR},
      </if>
      <if test="record.ename != null" >
        ename = #{record.ename,jdbcType=VARCHAR},
      </if>
      <if test="record.catalog != null" >
        catalog = #{record.catalog,jdbcType=INTEGER},
      </if>
      <if test="record.parentid != null" >
        parentid = #{record.parentid,jdbcType=INTEGER},
      </if>
      <if test="record.path != null" >
        path = #{record.path,jdbcType=VARCHAR},
      </if>
      <if test="record.default1 != null" >
        default1 = #{record.default1,jdbcType=VARCHAR},
      </if>
      <if test="record.default2 != null" >
        default2 = #{record.default2,jdbcType=VARCHAR},
      </if>
    </set>
    <if test="_parameter != null" >
      <include refid="Update_By_Example_Where_Clause" />
    </if>
  </update>
  <update id="updateByExample" parameterType="map" >
    update system_permissions
    set id = #{record.id,jdbcType=INTEGER},
      name = #{record.name,jdbcType=VARCHAR},
      ename = #{record.ename,jdbcType=VARCHAR},
      catalog = #{record.catalog,jdbcType=INTEGER},
      parentid = #{record.parentid,jdbcType=INTEGER},
      path = #{record.path,jdbcType=VARCHAR},
      default1 = #{record.default1,jdbcType=VARCHAR},
      default2 = #{record.default2,jdbcType=VARCHAR}
    <if test="_parameter != null" >
      <include refid="Update_By_Example_Where_Clause" />
    </if>
  </update>
  <update id="updateByPrimaryKeySelective" parameterType="com.accp.domain.SystemPermissions" >
    update system_permissions
    <set >
      <if test="name != null" >
        name = #{name,jdbcType=VARCHAR},
      </if>
      <if test="ename != null" >
        ename = #{ename,jdbcType=VARCHAR},
      </if>
      <if test="catalog != null" >
        catalog = #{catalog,jdbcType=INTEGER},
      </if>
      <if test="parentid != null" >
        parentid = #{parentid,jdbcType=INTEGER},
      </if>
      <if test="path != null" >
        path = #{path,jdbcType=VARCHAR},
      </if>
      <if test="default1 != null" >
        default1 = #{default1,jdbcType=VARCHAR},
      </if>
      <if test="default2 != null" >
        default2 = #{default2,jdbcType=VARCHAR},
      </if>
    </set>
    where id = #{id,jdbcType=INTEGER}
  </update>
  <update id="updateByPrimaryKey" parameterType="com.accp.domain.SystemPermissions" >
    update system_permissions
    set name = #{name,jdbcType=VARCHAR},
      ename = #{ename,jdbcType=VARCHAR},
      catalog = #{catalog,jdbcType=INTEGER},
      parentid = #{parentid,jdbcType=INTEGER},
      path = #{path,jdbcType=VARCHAR},
      default1 = #{default1,jdbcType=VARCHAR},
      default2 = #{default2,jdbcType=VARCHAR}
    where id = #{id,jdbcType=INTEGER}
  </update>
</mapper>